date,sales
1/1/2013,3974
1/2/2013,3974
1/3/2013,3974
1/4/2013,3974
1/5/2013,3974
1/6/2013,3974
1/7/2013,3974
1/8/2013,3974
1/9/2013,3974
1/10/2013,3974
1/11/2013,3974
1/12/2013,3974
1/13/2013,3974
1/14/2013,3974
1/15/2013,3974
1/16/2013,3974
1/17/2013,3974
1/18/2013,3974
1/19/2013,3974
1/20/2013,3974
1/21/2013,3974
1/22/2013,3974
1/23/2013,3974
1/24/2013,3974
1/25/2013,3974
1/26/2013,3974
1/27/2013,3974
1/28/2013,3974
1/29/2013,3974
1/30/2013,3974
1/31/2013,3974
2/1/2013,3974
2/2/2013,3974
2/3/2013,3974
2/4/2013,3974
2/5/2013,3974
2/6/2013,3974
2/7/2013,3974
2/8/2013,3974
2/9/2013,3974
2/10/2013,3974
2/11/2013,3974
2/12/2013,3974
2/13/2013,3974
2/14/2013,3974
2/15/2013,3974
2/16/2013,3974
2/17/2013,3974
2/18/2013,3974
2/19/2013,3974
2/20/2013,3974
2/21/2013,3974
2/22/2013,3974
2/23/2013,3974
2/24/2013,3974
2/25/2013,3974
2/26/2013,3974
2/27/2013,3974
2/28/2013,3974
3/1/2013,3974
3/2/2013,3974
3/3/2013,3974
3/4/2013,3974
3/5/2013,3974
3/6/2013,3974
3/7/2013,3974
3/8/2013,3974
3/9/2013,3974
3/10/2013,3974
3/11/2013,3974
3/12/2013,3974
3/13/2013,3974
3/14/2013,3974
3/15/2013,3974
3/16/2013,3974
3/17/2013,3974
3/18/2013,3974
3/19/2013,3974
3/20/2013,3974
3/21/2013,3974
3/22/2013,3974
3/23/2013,3974
3/24/2013,3974
3/25/2013,3974
3/26/2013,3974
3/27/2013,3974
3/28/2013,3974
3/29/2013,3974
3/30/2013,3974
3/31/2013,3974
4/1/2013,3974
4/2/2013,3974
4/3/2013,3974
4/4/2013,3974
4/5/2013,3974
4/6/2013,3974
4/7/2013,4500
4/8/2013,4500
4/9/2013,4500
4/10/2013,4500
4/11/2013,4500
4/12/2013,4500
4/13/2013,4500
4/14/2013,4500
4/15/2013,4500
4/16/2013,4500
4/17/2013,4500
4/18/2013,4500
4/19/2013,4500
4/20/2013,4500
4/21/2013,4500
4/22/2013,4500
4/23/2013,4500
4/24/2013,4500
4/25/2013,4500
4/26/2013,4500
4/27/2013,4500
4/28/2013,4500
4/29/2013,4500
4/30/2013,4500
5/1/2013,4500
5/2/2013,4500
5/3/2013,4500
5/4/2013,4500
5/5/2013,4500
5/6/2013,4500
5/7/2013,4500
5/8/2013,4500
5/9/2013,4500
5/10/2013,4500
5/11/2013,4500
5/12/2013,4500
5/13/2013,4500
5/14/2013,4500
5/15/2013,4500
5/16/2013,4500
5/17/2013,4500
5/18/2013,4500
5/19/2013,4500
5/20/2013,4500
5/21/2013,4500
5/22/2013,4500
5/23/2013,7400
5/24/2013,7400
5/25/2013,7400
5/26/2013,7400
5/27/2013,7400
5/28/2013,7400
5/29/2013,7400
5/30/2013,7400
5/31/2013,7400
6/1/2013,7400
6/2/2013,7400
6/3/2013,7400
6/4/2013,7400
6/5/2013,7400
6/6/2013,7400
6/7/2013,7400
6/8/2013,7400
6/9/2013,7400
6/10/2013,7400
6/11/2013,7400
6/12/2013,7400
6/13/2013,7400
6/14/2013,7400
6/15/2013,7400
6/16/2013,7400
6/17/2013,7400
6/18/2013,7400
6/19/2013,7400
6/20/2013,7400
6/21/2013,7400
6/22/2013,7400
6/23/2013,7400
6/24/2013,7400
6/25/2013,7400
6/26/2013,7400
6/27/2013,6600
6/28/2013,6600
6/29/2013,6600
6/30/2013,6600
7/1/2013,6600
7/2/2013,6600
7/3/2013,6600
7/4/2013,6600
7/5/2013,6600
7/6/2013,6600
7/7/2013,6600
7/8/2013,6600
7/9/2013,6600
7/10/2013,6600
7/11/2013,6600
7/12/2013,6600
7/13/2013,6600
7/14/2013,6600
7/15/2013,6600
7/16/2013,6600
7/17/2013,6600
7/18/2013,6600
7/19/2013,6600
7/20/2013,6600
7/21/2013,6600
7/22/2013,6600
7/23/2013,6600
7/24/2013,6600
7/25/2013,6600
7/26/2013,6600
7/27/2013,6600
7/28/2013,6600
7/29/2013,6600
7/30/2013,6600
7/31/2013,6600
8/1/2013,6600
8/2/2013,6600
8/3/2013,5100
8/4/2013,5100
8/5/2013,5100
8/6/2013,5100
8/7/2013,5100
8/8/2013,5100
8/9/2013,5100
8/10/2013,5100
8/11/2013,5100
8/12/2013,5100
8/13/2013,5100
8/14/2013,5100
8/15/2013,5100
8/16/2013,5100
8/17/2013,5100
8/18/2013,5100
8/19/2013,5100
8/20/2013,5100
8/21/2013,5100
8/22/2013,5100
8/23/2013,5100
8/24/2013,5100
8/25/2013,5100
8/26/2013,5100
8/27/2013,5100
8/28/2013,5100
8/29/2013,5100
8/30/2013,5100
8/31/2013,5100
9/1/2013,5100
9/2/2013,5100
9/3/2013,5100
9/4/2013,5100
9/5/2013,5100
9/6/2013,5100
9/7/2013,5100
9/8/2013,5100
9/9/2013,5100
9/10/2013,5100
9/11/2013,5100
9/12/2013,5100
9/13/2013,5100
9/14/2013,5100
9/15/2013,5100
9/16/2013,5100
9/17/2013,5100
9/18/2013,5100
9/19/2013,5100
9/20/2013,5100
9/21/2013,5100
9/22/2013,5100
9/23/2013,5100
9/24/2013,5100
9/25/2013,5600
9/26/2013,5600
9/27/2013,5600
9/28/2013,5600
9/29/2013,5600
9/30/2013,5600
10/1/2013,5600
10/2/2013,5600
10/3/2013,5600
10/4/2013,5600
10/5/2013,5600
10/6/2013,5600
10/7/2013,5600
10/8/2013,5600
10/9/2013,5600
10/10/2013,5600
10/11/2013,5600
10/12/2013,5600
10/13/2013,5600
10/14/2013,5600
10/15/2013,5600
10/16/2013,5600
10/17/2013,5600
10/18/2013,5600
10/19/2013,5600
10/20/2013,5600
10/21/2013,5600
10/22/2013,5600
10/23/2013,5600
10/24/2013,5600
10/25/2013,5600
10/26/2013,5600
10/27/2013,5600
10/28/2013,5600
10/29/2013,5600
10/30/2013,5600
10/31/2013,5600
11/1/2013,5600
11/2/2013,5600
11/3/2013,5600
11/4/2013,5600
11/5/2013,5600
11/6/2013,5600
11/7/2013,5600
11/8/2013,5600
11/9/2013,5600
11/10/2013,5600
11/11/2013,5600
11/12/2013,5600
11/13/2013,5600
11/14/2013,5600
11/15/2013,5600
11/16/2013,5600
11/17/2013,5600
11/18/2013,5600
11/19/2013,5600
11/20/2013,5600
11/21/2013,5600
11/22/2013,5600
11/23/2013,5600
11/24/2013,5600
11/25/2013,5600
11/26/2013,6000
11/27/2013,6000
11/28/2013,6000
11/29/2013,6000
11/30/2013,6000
12/1/2013,6000
12/2/2013,6000
12/3/2013,6000
12/4/2013,6000
12/5/2013,6000
12/6/2013,6000
12/7/2013,6000
12/8/2013,6000
12/9/2013,6000
12/10/2013,6000
12/11/2013,6000
12/12/2013,6000
12/13/2013,6000
12/14/2013,6000
12/15/2013,6000
12/16/2013,6000
12/17/2013,6000
12/18/2013,6000
12/19/2013,6000
12/20/2013,6000
12/21/2013,6000
12/22/2013,6000
12/23/2013,6000
12/24/2013,6000
12/25/2013,6000
12/26/2013,6000
12/27/2013,6000
12/28/2013,6000
12/29/2013,6000
12/30/2013,6000
12/31/2013,6000
1/1/2014,8779
1/2/2014,4693
1/3/2014,4693
1/4/2014,4693
1/5/2014,4693
1/6/2014,4693
1/7/2014,4693
1/8/2014,4693
1/9/2014,4693
1/10/2014,4693
1/11/2014,4693
1/12/2014,4693
1/13/2014,4693
1/14/2014,4693
1/15/2014,4693
1/16/2014,4693
1/17/2014,4693
1/18/2014,5843
1/19/2014,5843
1/20/2014,5843
1/21/2014,5843
1/22/2014,5843
1/23/2014,5843
1/24/2014,5843
1/25/2014,5843
1/26/2014,5843
1/27/2014,5843
1/28/2014,5843
1/29/2014,5843
1/30/2014,3017
1/31/2014,3017
2/1/2014,3017
2/2/2014,3017
2/3/2014,3017
2/4/2014,3017
2/5/2014,3017
2/6/2014,3017
2/7/2014,3017
2/8/2014,3017
2/9/2014,3017
2/10/2014,3017
2/11/2014,3017
2/12/2014,3017
2/13/2014,3017
2/14/2014,3017
2/15/2014,1852
2/16/2014,1852
2/17/2014,1852
2/18/2014,1852
2/19/2014,1852
2/20/2014,1852
2/21/2014,1852
2/22/2014,1852
2/23/2014,1852
2/24/2014,1852
2/25/2014,1852
2/26/2014,1852
2/27/2014,1852
2/28/2014,1852
3/1/2014,1852
3/2/2014,1852
3/3/2014,1852
3/4/2014,1852
3/5/2014,8276
3/6/2014,8276
3/7/2014,8276
3/8/2014,8276
3/9/2014,8276
3/10/2014,8276
3/11/2014,8276
3/12/2014,8276
3/13/2014,8276
3/14/2014,8276
3/15/2014,8276
3/16/2014,8276
3/17/2014,8276
3/18/2014,8276
3/19/2014,8276
3/20/2014,8276
3/21/2014,8276
3/22/2014,8276
3/23/2014,8276
3/24/2014,6185
3/25/2014,6185
3/26/2014,6185
3/27/2014,6185
3/28/2014,6185
3/29/2014,6185
3/30/2014,6185
3/31/2014,6185
4/1/2014,6185
4/2/2014,6185
4/3/2014,6185
4/4/2014,6185
4/5/2014,6185
4/6/2014,6185
4/7/2014,6185
4/8/2014,6185
4/9/2014,6185
4/10/2014,6185
4/11/2014,6185
4/12/2014,6185
4/13/2014,8707
4/14/2014,8707
4/15/2014,8707
4/16/2014,8707
4/17/2014,8707
4/18/2014,8707
4/19/2014,8707
4/20/2014,8707
4/21/2014,8707
4/22/2014,8707
4/23/2014,8707
4/24/2014,8707
4/25/2014,8707
4/26/2014,8707
4/27/2014,8707
4/28/2014,8707
4/29/2014,8707
4/30/2014,4601
5/1/2014,1440
5/2/2014,8512
5/3/2014,1109
5/4/2014,2826
5/5/2014,2581
5/6/2014,2046
5/7/2014,1803
5/8/2014,8119
5/9/2014,7363
5/10/2014,7512
5/11/2014,5605
5/12/2014,7314
5/13/2014,715
5/14/2014,4787
5/15/2014,5162
5/16/2014,5162
5/17/2014,5162
5/18/2014,5162
5/19/2014,5162
5/20/2014,5162
5/21/2014,5162
5/22/2014,5162
5/23/2014,5162
5/24/2014,5162
5/25/2014,5162
5/26/2014,5162
5/27/2014,5162
5/28/2014,839
5/29/2014,5702
5/30/2014,8376
5/31/2014,3188
6/1/2014,4211
6/2/2014,1731
6/3/2014,8714
6/4/2014,3176
6/5/2014,6579
6/6/2014,5954
6/7/2014,2943
6/8/2014,3819
6/9/2014,7935
6/10/2014,76
6/11/2014,1298
6/12/2014,1298
6/13/2014,1298
6/14/2014,1298
6/15/2014,1298
6/16/2014,1298
6/17/2014,1298
6/18/2014,1298
6/19/2014,1298
6/20/2014,1298
6/21/2014,1298
6/22/2014,1298
6/23/2014,1298
6/24/2014,7722
6/25/2014,2958
6/26/2014,6270
6/27/2014,6916
6/28/2014,2292
6/29/2014,322
6/30/2014,3357
7/1/2014,2443
7/2/2014,4730
7/3/2014,8333
7/4/2014,5702
7/5/2014,5619
7/6/2014,7036
7/7/2014,2129
7/8/2014,1970
7/9/2014,7998
7/10/2014,3084
7/11/2014,3084
7/12/2014,3084
7/13/2014,3084
7/14/2014,3084
7/15/2014,3084
7/16/2014,3084
7/17/2014,3084
7/18/2014,3084
7/19/2014,3084
7/20/2014,3084
7/21/2014,3084
7/22/2014,3084
7/23/2014,3084
7/24/2014,3084
7/25/2014,3084
7/26/2014,3084
7/27/2014,3084
7/28/2014,3084
7/29/2014,3084
7/30/2014,3084
7/31/2014,3084
8/1/2014,3084
8/2/2014,3084
8/3/2014,3084
8/4/2014,3084
8/5/2014,3084
8/6/2014,3084
8/7/2014,3084
8/8/2014,3084
8/9/2014,3084
8/10/2014,3084
8/11/2014,3084
8/12/2014,3084
8/13/2014,3084
8/14/2014,3084
8/15/2014,3084
8/16/2014,3343
8/17/2014,8041
8/18/2014,8683
8/19/2014,3616
8/20/2014,5236
8/21/2014,7455
8/22/2014,1383
8/23/2014,8503
8/24/2014,6267
8/25/2014,2091
8/26/2014,6159
8/27/2014,3842
8/28/2014,2730
8/29/2014,1796
8/30/2014,5246
8/31/2014,5246
9/1/2014,5246
9/2/2014,5246
9/3/2014,5246
9/4/2014,5246
9/5/2014,5246
9/6/2014,5246
9/7/2014,5246
9/8/2014,5246
9/9/2014,5246
9/10/2014,5246
9/11/2014,5246
9/12/2014,5246
9/13/2014,5246
9/14/2014,5246
9/15/2014,5246
9/16/2014,5246
9/17/2014,5246
9/18/2014,5246
9/19/2014,5246
9/20/2014,5246
9/21/2014,5246
9/22/2014,5246
9/23/2014,5246
9/24/2014,5246
9/25/2014,5246
9/26/2014,5246
9/27/2014,5246
9/28/2014,5246
9/29/2014,5246
9/30/2014,5246
10/1/2014,5246
10/2/2014,5246
10/3/2014,5246
10/4/2014,5246
10/5/2014,5246
10/6/2014,5246
10/7/2014,5246
10/8/2014,5246
10/9/2014,5246
10/10/2014,5246
10/11/2014,5246
10/12/2014,5246
10/13/2014,5246
10/14/2014,5246
10/15/2014,5246
10/16/2014,5246
10/17/2014,5246
10/18/2014,5246
10/19/2014,5246
10/20/2014,5246
10/21/2014,5246
10/22/2014,5246
10/23/2014,5246
10/24/2014,230
10/25/2014,262
10/26/2014,7543
10/27/2014,6273
10/28/2014,3110
10/29/2014,5436
10/30/2014,8302
10/31/2014,2107
11/1/2014,3558
11/2/2014,1168
11/3/2014,6689
11/4/2014,5377
11/5/2014,6554
11/6/2014,558
11/7/2014,8163
11/8/2014,4458
11/9/2014,4458
11/10/2014,4458
11/11/2014,4458
11/12/2014,4458
11/13/2014,4458
11/14/2014,4458
11/15/2014,4458
11/16/2014,4458
11/17/2014,4458
11/18/2014,4458
11/19/2014,4458
11/20/2014,4458
11/21/2014,4458
11/22/2014,4458
11/23/2014,4458
11/24/2014,4458
11/25/2014,4458
11/26/2014,4458
11/27/2014,4458
11/28/2014,4458
11/29/2014,4458
11/30/2014,4458
12/1/2014,4458
12/2/2014,4458
12/3/2014,4458
12/4/2014,4458
12/5/2014,4458
12/6/2014,3955
12/7/2014,4974
12/8/2014,4690
12/9/2014,7444
12/10/2014,1719
12/11/2014,8258
12/12/2014,2837
12/13/2014,2542
12/14/2014,7035
12/15/2014,8013
12/16/2014,3758
12/17/2014,7602
12/18/2014,8986
12/19/2014,992
12/20/2014,3230
12/21/2014,524
12/22/2014,8979
12/23/2014,6653
12/24/2014,7558
12/25/2014,7558
12/26/2014,7558
12/27/2014,7558
12/28/2014,7558
12/29/2014,7558
12/30/2014,7558
12/31/2014,7558
1/1/2015,8035
1/2/2015,8035
1/3/2015,8035
1/4/2015,8035
1/5/2015,8035
1/6/2015,8035
1/7/2015,8035
1/8/2015,8035
1/9/2015,8035
1/10/2015,8035
1/11/2015,8035
1/12/2015,8035
1/13/2015,8035
1/14/2015,8035
1/15/2015,8035
1/16/2015,8035
1/17/2015,8035
1/18/2015,8035
1/19/2015,8035
1/20/2015,8035
1/21/2015,8035
1/22/2015,8035
1/23/2015,8035
1/24/2015,8035
1/25/2015,8035
1/26/2015,8035
1/27/2015,8035
1/28/2015,8035
1/29/2015,8035
1/30/2015,8035
1/31/2015,8035
2/1/2015,8035
2/2/2015,8035
2/3/2015,8035
2/4/2015,8035
2/5/2015,8035
2/6/2015,8035
2/7/2015,8035
2/8/2015,8035
2/9/2015,8035
2/10/2015,8035
2/11/2015,8035
2/12/2015,8035
2/13/2015,8035
2/14/2015,8035
2/15/2015,8035
2/16/2015,8035
2/17/2015,8035
2/18/2015,8035
2/19/2015,8035
2/20/2015,9474
2/21/2015,9474
2/22/2015,9474
2/23/2015,9474
2/24/2015,5784
2/25/2015,2139
2/26/2015,7729
2/27/2015,3180
2/28/2015,6671
3/1/2015,2537
3/2/2015,9177
3/3/2015,3822
3/4/2015,4570
3/5/2015,6311
3/6/2015,6922
3/7/2015,1608
3/8/2015,7160
3/9/2015,7513
3/10/2015,9401
3/11/2015,3046
3/12/2015,1471
3/13/2015,5714
3/14/2015,5235
3/15/2015,5767
3/16/2015,5132
3/17/2015,7453
3/18/2015,8952
3/19/2015,7976
3/20/2015,8029
3/21/2015,3116
3/22/2015,1958
3/23/2015,1720
3/24/2015,9654
3/25/2015,8140
3/26/2015,9161
3/27/2015,9616
3/28/2015,3096
3/29/2015,1845
3/30/2015,7259
3/31/2015,9480
4/1/2015,7794
4/2/2015,1945
4/3/2015,1956
4/4/2015,7980
4/5/2015,6718
4/6/2015,9722
4/7/2015,7164
4/8/2015,4200
4/9/2015,7500
4/10/2015,3068
4/11/2015,3765
4/12/2015,1727
4/13/2015,2677
4/14/2015,3195
4/15/2015,7239
4/16/2015,4784
4/17/2015,6251
4/18/2015,4907
4/19/2015,1538
4/20/2015,5872
4/21/2015,4246
4/22/2015,4949
4/23/2015,3569
4/24/2015,4959
4/25/2015,6230
4/26/2015,6379
4/27/2015,6456
4/28/2015,8351
4/29/2015,1382
4/30/2015,3490
5/1/2015,7807
5/2/2015,3567
5/3/2015,5116
5/4/2015,8911
5/5/2015,7670
5/6/2015,6447
5/7/2015,8737
5/8/2015,4851
5/9/2015,8542
5/10/2015,1502
5/11/2015,6047
5/12/2015,8993
5/13/2015,3116
5/14/2015,4890
5/15/2015,8872
5/16/2015,6223
5/17/2015,2599
5/18/2015,2326
5/19/2015,2326
5/20/2015,2326
5/21/2015,2326
5/22/2015,2326
5/23/2015,2326
5/24/2015,2326
5/25/2015,2326
5/26/2015,2326
5/27/2015,2326
5/28/2015,2326
5/29/2015,2326
5/30/2015,2326
5/31/2015,2326
6/1/2015,2326
6/2/2015,2326
6/3/2015,2326
6/4/2015,2326
6/5/2015,2326
6/6/2015,2326
6/7/2015,2326
6/8/2015,2326
6/9/2015,2326
6/10/2015,2326
6/11/2015,2326
6/12/2015,2326
6/13/2015,2326
6/14/2015,2326
6/15/2015,2326
6/16/2015,2326
6/17/2015,2326
6/18/2015,2326
6/19/2015,2326
6/20/2015,2458
6/21/2015,5833
6/22/2015,4733
6/23/2015,6796
6/24/2015,9099
6/25/2015,7221
6/26/2015,8959
6/27/2015,3840
6/28/2015,2904
6/29/2015,4189
6/30/2015,8293
7/1/2015,8407
7/2/2015,6817
7/3/2015,5154
7/4/2015,8522
7/5/2015,3752
7/6/2015,4379
7/7/2015,9870
7/8/2015,3748
7/9/2015,2051
7/10/2015,9690
7/11/2015,9853
7/12/2015,1229
7/13/2015,8971
7/14/2015,6827
7/15/2015,6786
7/16/2015,8860
7/17/2015,6541
7/18/2015,2429
7/19/2015,5781
7/20/2015,1842
7/21/2015,7882
7/22/2015,5356
7/23/2015,2680
7/24/2015,3052
7/25/2015,7839
7/26/2015,6406
7/27/2015,1414
7/28/2015,1045
7/29/2015,2795
7/30/2015,4964
7/31/2015,1791
8/1/2015,9668
8/2/2015,5893
8/3/2015,6593
8/4/2015,6742
8/5/2015,2762
8/6/2015,4264
8/7/2015,5444
8/8/2015,4230
8/9/2015,2163
8/10/2015,6981
8/11/2015,2594
8/12/2015,7765
8/13/2015,5218
8/14/2015,6718
8/15/2015,8167
8/16/2015,9172
8/17/2015,9129
8/18/2015,4406
8/19/2015,7858
8/20/2015,6083
8/21/2015,8328
8/22/2015,1184
8/23/2015,8644
8/24/2015,6075
8/25/2015,5764
8/26/2015,2669
8/27/2015,5749
8/28/2015,5499
8/29/2015,4720
8/30/2015,2723
8/31/2015,6831
9/1/2015,3908
9/2/2015,2946
9/3/2015,9214
9/4/2015,2450
9/5/2015,1825
9/6/2015,4792
9/7/2015,6860
9/8/2015,7860
9/9/2015,7662
9/10/2015,3262
9/11/2015,8391
9/12/2015,7812
9/13/2015,6610
9/14/2015,4615
9/15/2015,4560
9/16/2015,5405
9/17/2015,8929
9/18/2015,3233
9/19/2015,5168
9/20/2015,3494
9/21/2015,1143
9/22/2015,3999
9/23/2015,7414
9/24/2015,1673
9/25/2015,3542
9/26/2015,9539
9/27/2015,1743
9/28/2015,9356
9/29/2015,8780
9/30/2015,6782
10/1/2015,8467
10/2/2015,2493
10/3/2015,2869
10/4/2015,9942
10/5/2015,6039
10/6/2015,2466
10/7/2015,7370
10/8/2015,4343
10/9/2015,1008
10/10/2015,3064
10/11/2015,8058
10/12/2015,3469
10/13/2015,7934
10/14/2015,6825
10/15/2015,6901
10/16/2015,2155
10/17/2015,8952
10/18/2015,8505
10/19/2015,4035
10/20/2015,8610
10/21/2015,5871
10/22/2015,3099
10/23/2015,1573
10/24/2015,5009
10/25/2015,1653
10/26/2015,6309
10/27/2015,7189
10/28/2015,9451
10/29/2015,6680
10/30/2015,2994
10/31/2015,2573
11/1/2015,2326
11/2/2015,2277
11/3/2015,8691
11/4/2015,7322
11/5/2015,5717
11/6/2015,7336
11/7/2015,6806
11/8/2015,5942
11/9/2015,2134
11/10/2015,7494
11/11/2015,5793
11/12/2015,9278
11/13/2015,8147
11/14/2015,7368
11/15/2015,4755
11/16/2015,8749
11/17/2015,4775
11/18/2015,2757
11/19/2015,8191
11/20/2015,1070
11/21/2015,8002
11/22/2015,7203
11/23/2015,7821
11/24/2015,9109
11/25/2015,6864
11/26/2015,5964
11/27/2015,8379
11/28/2015,4835
11/29/2015,2823
11/30/2015,3501
12/1/2015,8784
12/2/2015,8483
12/3/2015,6667
12/4/2015,3047
12/5/2015,6879
12/6/2015,1156
12/7/2015,1573
12/8/2015,9129
12/9/2015,8128
12/10/2015,4325
12/11/2015,1659
12/12/2015,3481
12/13/2015,6387
12/14/2015,2780
12/15/2015,5750
12/16/2015,3552
12/17/2015,4307
12/18/2015,5286
12/19/2015,8236
12/20/2015,6780
12/21/2015,5670
12/22/2015,2578
12/23/2015,2578
12/24/2015,2578
12/25/2015,2578
12/26/2015,2578
12/27/2015,2578
12/28/2015,2578
12/29/2015,2578
12/30/2015,2578
12/31/2015,2578
1/1/2016,5323
1/2/2016,5323
1/3/2016,5323
1/4/2016,5323
1/5/2016,5323
1/6/2016,5323
1/7/2016,5323
1/8/2016,5323
1/9/2016,5323
1/10/2016,5323
1/11/2016,5323
1/12/2016,5323
1/13/2016,5323
1/14/2016,5323
1/15/2016,5323
1/16/2016,5323
1/17/2016,5323
1/18/2016,5323
1/19/2016,5323
1/20/2016,5323
1/21/2016,5323
1/22/2016,5323
1/23/2016,5323
1/24/2016,5323
1/25/2016,5323
1/26/2016,5323
1/27/2016,5323
1/28/2016,5323
1/29/2016,5323
1/30/2016,5323
1/31/2016,5323
2/1/2016,5323
2/2/2016,5323
2/3/2016,5323
2/4/2016,5323
2/5/2016,5323
2/6/2016,5323
2/7/2016,5323
2/8/2016,5323
2/9/2016,5323
2/10/2016,5323
2/11/2016,5323
2/12/2016,5323
2/13/2016,5323
2/14/2016,5323
2/15/2016,5323
2/16/2016,5323
2/17/2016,5323
2/18/2016,5323
2/19/2016,5323
2/20/2016,5323
2/21/2016,5323
2/22/2016,5323
2/23/2016,5323
2/24/2016,5323
2/25/2016,5323
2/26/2016,5323
2/27/2016,5556
2/28/2016,3370
2/29/2016,1173
3/1/2016,1691
3/2/2016,700
3/3/2016,5982
3/4/2016,3099
3/5/2016,4060
3/6/2016,6397
3/7/2016,995
3/8/2016,4886
3/9/2016,7063
3/10/2016,7244
3/11/2016,7962
3/12/2016,6618
3/13/2016,4752
3/14/2016,1541
3/15/2016,2725
3/16/2016,6078
3/17/2016,2460
3/18/2016,2636
3/19/2016,6519
3/20/2016,639
3/21/2016,7094
3/22/2016,8294
3/23/2016,5471
3/24/2016,476
3/25/2016,8872
3/26/2016,1562
3/27/2016,5228
3/28/2016,559
3/29/2016,4490
3/30/2016,5165
3/31/2016,495
4/1/2016,2867
4/2/2016,2096
4/3/2016,7069
4/4/2016,8132
4/5/2016,856
4/6/2016,7324
4/7/2016,4987
4/8/2016,4531
4/9/2016,5806
4/10/2016,550
4/11/2016,5371
4/12/2016,6520
4/13/2016,8574
4/14/2016,1511
4/15/2016,6695
4/16/2016,4775
4/17/2016,4244
4/18/2016,704
4/19/2016,972
4/20/2016,972
4/21/2016,972
4/22/2016,972
4/23/2016,972
4/24/2016,972
4/25/2016,972
4/26/2016,972
4/27/2016,972
4/28/2016,972
4/29/2016,972
4/30/2016,972
5/1/2016,972
5/2/2016,972
5/3/2016,972
5/4/2016,972
5/5/2016,972
5/6/2016,972
5/7/2016,972
5/8/2016,972
5/9/2016,972
5/10/2016,972
5/11/2016,972
5/12/2016,972
5/13/2016,972
5/14/2016,972
5/15/2016,972
5/16/2016,972
5/17/2016,972
5/18/2016,972
5/19/2016,972
5/20/2016,972
5/21/2016,3130
5/22/2016,1269
5/23/2016,7162
5/24/2016,108
5/25/2016,3554
5/26/2016,764
5/27/2016,6014
5/28/2016,7787
5/29/2016,2447
5/30/2016,497
5/31/2016,950
6/1/2016,8106
6/2/2016,6403
6/3/2016,7252
6/4/2016,8322
6/5/2016,4715
6/6/2016,7262
6/7/2016,4569
6/8/2016,4645
6/9/2016,2751
6/10/2016,6678
6/11/2016,6678
6/12/2016,6678
6/13/2016,6678
6/14/2016,6678
6/15/2016,6678
6/16/2016,6678
6/17/2016,6678
6/18/2016,6678
6/19/2016,6678
6/20/2016,6678
6/21/2016,6678
6/22/2016,6678
6/23/2016,6678
6/24/2016,6678
6/25/2016,6678
6/26/2016,6678
6/27/2016,6678
6/28/2016,6678
6/29/2016,6678
6/30/2016,6678
7/1/2016,6678
7/2/2016,6678
7/3/2016,6678
7/4/2016,6678
7/5/2016,6678
7/6/2016,6678
7/7/2016,6678
7/8/2016,6678
7/9/2016,6678
7/10/2016,8049
7/11/2016,2338
7/12/2016,912
7/13/2016,2721
7/14/2016,2302
7/15/2016,8710
7/16/2016,4677
7/17/2016,6460
7/18/2016,3721
7/19/2016,8239
7/20/2016,7396
7/21/2016,5693
7/22/2016,889
7/23/2016,1507
7/24/2016,3620
7/25/2016,6011
7/26/2016,5770
7/27/2016,2196
7/28/2016,2528
7/29/2016,32
7/30/2016,1594
7/31/2016,608
8/1/2016,4212
8/2/2016,7132
8/3/2016,15
8/4/2016,818
8/5/2016,5790
8/6/2016,3312
8/7/2016,2352
8/8/2016,8365
8/9/2016,2682
8/10/2016,5190
8/11/2016,5525
8/12/2016,993
8/13/2016,993
8/14/2016,993
8/15/2016,993
8/16/2016,993
8/17/2016,993
8/18/2016,993
8/19/2016,993
8/20/2016,993
8/21/2016,993
8/22/2016,993
8/23/2016,993
8/24/2016,993
8/25/2016,993
8/26/2016,993
8/27/2016,993
8/28/2016,993
8/29/2016,993
8/30/2016,993
8/31/2016,993
9/1/2016,993
9/2/2016,993
9/3/2016,993
9/4/2016,993
9/5/2016,993
9/6/2016,993
9/7/2016,993
9/8/2016,993
9/9/2016,993
9/10/2016,993
9/11/2016,993
9/12/2016,993
9/13/2016,993
9/14/2016,993
9/15/2016,993
9/16/2016,993
9/17/2016,993
9/18/2016,993
9/19/2016,993
9/20/2016,993
9/21/2016,993
9/22/2016,993
9/23/2016,993
9/24/2016,993
9/25/2016,993
9/26/2016,993
9/27/2016,993
9/28/2016,993
9/29/2016,993
9/30/2016,993
10/1/2016,993
10/2/2016,993
10/3/2016,993
10/4/2016,993
10/5/2016,993
10/6/2016,993
10/7/2016,993
10/8/2016,993
10/9/2016,993
10/10/2016,993
10/11/2016,993
10/12/2016,993
10/13/2016,993
10/14/2016,993
10/15/2016,993
10/16/2016,993
10/17/2016,993
10/18/2016,993
10/19/2016,993
10/20/2016,993
10/21/2016,993
10/22/2016,993
10/23/2016,993
10/24/2016,993
10/25/2016,993
10/26/2016,993
10/27/2016,993
10/28/2016,993
10/29/2016,993
10/30/2016,993
10/31/2016,993
11/1/2016,993
11/2/2016,993
11/3/2016,993
11/4/2016,993
11/5/2016,993
11/6/2016,993
11/7/2016,993
11/8/2016,993
11/9/2016,993
11/10/2016,993
11/11/2016,993
11/12/2016,993
11/13/2016,993
11/14/2016,993
11/15/2016,993
11/16/2016,993
11/17/2016,993
11/18/2016,993
11/19/2016,993
11/20/2016,993
11/21/2016,993
11/22/2016,993
11/23/2016,993
11/24/2016,993
11/25/2016,993
11/26/2016,993
11/27/2016,993
11/28/2016,993
11/29/2016,993
11/30/2016,993
12/1/2016,993
12/2/2016,993
12/3/2016,993
12/4/2016,993
12/5/2016,993
12/6/2016,993
12/7/2016,1248
12/8/2016,8873
12/9/2016,1126
12/10/2016,3045
12/11/2016,8146
12/12/2016,3083
12/13/2016,1423
12/14/2016,8234
12/15/2016,162
12/16/2016,3491
12/17/2016,5177
12/18/2016,6002
12/19/2016,2847
12/20/2016,2847
12/21/2016,2847
12/22/2016,2847
12/23/2016,2847
12/24/2016,2847
12/25/2016,2847
12/26/2016,2847
12/27/2016,2847
12/28/2016,2847
12/29/2016,2847
12/30/2016,2847
12/31/2016,2847
1/1/2017,8783
1/2/2017,8783
1/3/2017,8783
1/4/2017,8783
1/5/2017,8783
1/6/2017,8783
1/7/2017,8783
1/8/2017,8783
1/9/2017,8783
1/10/2017,8783
1/11/2017,8783
1/12/2017,8783
1/13/2017,8783
1/14/2017,8783
1/15/2017,8783
1/16/2017,8783
1/17/2017,8783
1/18/2017,8783
1/19/2017,8783
1/20/2017,8783
1/21/2017,8783
1/22/2017,8783
1/23/2017,8783
1/24/2017,8783
1/25/2017,8783
1/26/2017,8783
1/27/2017,8783
1/28/2017,8783
1/29/2017,8783
1/30/2017,8783
1/31/2017,8783
2/1/2017,8783
2/2/2017,8783
2/3/2017,8783
2/4/2017,8783
2/5/2017,8783
2/6/2017,8783
2/7/2017,8783
2/8/2017,8783
2/9/2017,8783
2/10/2017,8783
2/11/2017,8783
2/12/2017,8783
2/13/2017,8783
2/14/2017,8783
2/15/2017,8783
2/16/2017,8783
2/17/2017,8783
2/18/2017,8783
2/19/2017,8783
2/20/2017,8783
2/21/2017,8783
2/22/2017,8783
2/23/2017,8783
2/24/2017,8783
2/25/2017,8783
2/26/2017,8783
2/27/2017,8783
2/28/2017,8783
3/1/2017,8783
3/2/2017,5584
3/3/2017,3361
3/4/2017,5453
3/5/2017,2073
3/6/2017,5241
3/7/2017,4309
3/8/2017,4393
3/9/2017,4254
3/10/2017,3088
3/11/2017,4795
3/12/2017,6294
3/13/2017,1906
3/14/2017,7729
3/15/2017,5246
3/16/2017,2080
3/17/2017,7379
3/18/2017,5941
3/19/2017,6799
3/20/2017,7821
3/21/2017,6009
3/22/2017,2878
3/23/2017,5125
3/24/2017,2352
3/25/2017,8812
3/26/2017,5299
3/27/2017,7959
3/28/2017,1804
3/29/2017,6971
3/30/2017,4610
3/31/2017,6838
4/1/2017,1564
4/2/2017,5621
4/3/2017,8819
4/4/2017,9622
4/5/2017,8147
4/6/2017,9848
4/7/2017,3748
4/8/2017,5610
4/9/2017,3724
4/10/2017,7491
4/11/2017,9075
4/12/2017,4132
4/13/2017,5677
4/14/2017,6006
4/15/2017,7279
4/16/2017,7304
4/17/2017,3146
4/18/2017,3734
4/19/2017,3067
4/20/2017,3516
4/21/2017,8977
4/22/2017,3646
4/23/2017,5495
4/24/2017,5979
4/25/2017,7688
4/26/2017,4591
4/27/2017,2494
4/28/2017,4918
4/29/2017,7487
4/30/2017,9815
5/1/2017,4409
5/2/2017,5413
5/3/2017,8750
5/4/2017,8926
5/5/2017,6166
5/6/2017,4080
5/7/2017,6816
5/8/2017,5359
5/9/2017,5701
5/10/2017,9169
5/11/2017,9138
5/12/2017,2133
5/13/2017,6927
5/14/2017,2794
5/15/2017,3360
5/16/2017,3980
5/17/2017,4640
5/18/2017,5033
5/19/2017,7858
5/20/2017,4757
5/21/2017,2941
5/22/2017,8213
5/23/2017,6765
5/24/2017,9475
5/25/2017,2393
5/26/2017,4201
5/27/2017,9277
5/28/2017,6283
5/29/2017,6744
5/30/2017,3367
5/31/2017,1014
6/1/2017,9239
6/2/2017,4688
6/3/2017,6361
6/4/2017,8727
6/5/2017,9880
6/6/2017,5750
6/7/2017,3017
6/8/2017,9478
6/9/2017,5535
6/10/2017,5234
6/11/2017,1966
6/12/2017,3195
6/13/2017,9778
6/14/2017,9448
6/15/2017,6092
6/16/2017,8552
6/17/2017,1108
6/18/2017,8570
6/19/2017,7174
6/20/2017,1340
6/21/2017,4740
6/22/2017,7511
6/23/2017,5158
6/24/2017,8641
6/25/2017,9675
6/26/2017,5496
6/27/2017,4287
6/28/2017,2398
6/29/2017,4386
6/30/2017,7755
7/1/2017,1125
7/2/2017,1743
7/3/2017,9244
7/4/2017,3044
7/5/2017,4057
7/6/2017,4217
7/7/2017,8350
7/8/2017,2472
7/9/2017,6319
7/10/2017,1722
7/11/2017,9202
7/12/2017,1460
7/13/2017,8663
7/14/2017,8455
7/15/2017,3691
7/16/2017,9743
7/17/2017,9373
7/18/2017,5721
7/19/2017,9442
7/20/2017,5005
7/21/2017,1126
7/22/2017,5156
7/23/2017,6820
7/24/2017,7045
7/25/2017,6370
7/26/2017,8582
7/27/2017,5539
7/28/2017,7233
7/29/2017,8404
7/30/2017,2346
7/31/2017,7364
8/1/2017,5628
8/2/2017,3681
8/3/2017,7158
8/4/2017,7158
8/5/2017,7158
8/6/2017,7158
8/7/2017,7158
8/8/2017,7158
8/9/2017,7158
8/10/2017,7158
8/11/2017,7158
8/12/2017,7158
8/13/2017,7158
8/14/2017,7158
8/15/2017,7158
8/16/2017,7158
8/17/2017,7158
8/18/2017,7158
8/19/2017,7158
8/20/2017,7158
8/21/2017,7158
8/22/2017,7158
8/23/2017,7158
8/24/2017,7158
8/25/2017,7158
8/26/2017,7158
8/27/2017,7158
8/28/2017,7158
8/29/2017,7158
8/30/2017,7158
8/31/2017,7158
9/1/2017,7158
9/2/2017,7158
9/3/2017,7158
9/4/2017,7158
9/5/2017,7158
9/6/2017,7158
9/7/2017,7158
9/8/2017,7158
9/9/2017,7158
9/10/2017,7158
9/11/2017,7158
9/12/2017,7158
9/13/2017,7158
9/14/2017,7158
9/15/2017,7158
9/16/2017,7158
9/17/2017,7158
9/18/2017,7158
9/19/2017,7158
9/20/2017,7158
9/21/2017,7158
9/22/2017,7158
9/23/2017,7158
9/24/2017,7158
9/25/2017,7158
9/26/2017,7158
9/27/2017,7158
9/28/2017,4162
9/29/2017,7642
9/30/2017,5111
10/1/2017,9797
10/2/2017,9954
10/3/2017,5293
10/4/2017,1229
10/5/2017,2439
10/6/2017,4316
10/7/2017,8043
10/8/2017,2985
10/9/2017,2470
10/10/2017,9057
10/11/2017,2968
10/12/2017,9051
10/13/2017,6080
10/14/2017,1753
10/15/2017,6231
10/16/2017,3303
10/17/2017,7779
10/18/2017,9209
10/19/2017,2457
10/20/2017,1914
10/21/2017,9369
10/22/2017,1544
10/23/2017,4868
10/24/2017,5011
10/25/2017,8881
10/26/2017,4530
10/27/2017,7966
10/28/2017,3814
10/29/2017,3650
10/30/2017,3129
10/31/2017,3102
11/1/2017,2963
11/2/2017,4447
11/3/2017,8352
11/4/2017,7557
11/5/2017,9564
11/6/2017,5856
11/7/2017,4530
11/8/2017,7843
11/9/2017,8358
11/10/2017,3507
11/11/2017,7692
11/12/2017,9069
11/13/2017,4258
11/14/2017,5050
11/15/2017,2127
11/16/2017,6476
11/17/2017,9594
11/18/2017,9742
11/19/2017,1545
11/20/2017,2105
11/21/2017,1625
11/22/2017,3728
11/23/2017,9681
11/24/2017,9790
11/25/2017,5313
11/26/2017,5313
11/27/2017,5313
11/28/2017,5313
11/29/2017,5313
11/30/2017,5313
12/1/2017,5313
12/2/2017,5313
12/3/2017,5313
12/4/2017,5313
12/5/2017,5313
12/6/2017,5313
12/7/2017,5313
12/8/2017,5313
12/9/2017,5313
12/10/2017,5313
12/11/2017,5313
12/12/2017,5313
12/13/2017,5313
12/14/2017,5313
12/15/2017,5313
12/16/2017,5313
12/17/2017,5313
12/18/2017,5313
12/19/2017,5313
12/20/2017,5313
12/21/2017,5313
12/22/2017,5313
12/23/2017,5313
12/24/2017,5313
12/25/2017,5313
12/26/2017,5313
12/27/2017,5313
12/28/2017,5313
12/29/2017,5313
12/30/2017,5313
12/31/2017,5313
1/1/2018,1389
1/2/2018,3172
1/3/2018,176
1/4/2018,1935
1/5/2018,6915
1/6/2018,66
1/7/2018,635
1/8/2018,6830
1/9/2018,4252
1/10/2018,3647
1/11/2018,1485
1/12/2018,5843
1/13/2018,8851
1/14/2018,5977
1/15/2018,4636
1/16/2018,6419
1/17/2018,3530
1/18/2018,6299
1/19/2018,7927
1/20/2018,172
1/21/2018,6125
1/22/2018,8027
1/23/2018,4461
1/24/2018,1005
1/25/2018,6490
1/26/2018,6490
1/27/2018,6490
1/28/2018,6490
1/29/2018,6490
1/30/2018,6490
1/31/2018,6490
2/1/2018,6490
2/2/2018,6490
2/3/2018,6490
2/4/2018,6490
2/5/2018,6490
2/6/2018,6490
2/7/2018,6490
2/8/2018,6490
2/9/2018,6490
2/10/2018,6490
2/11/2018,6490
2/12/2018,6490
2/13/2018,6490
2/14/2018,6490
2/15/2018,6490
2/16/2018,6490
2/17/2018,6490
2/18/2018,6490
2/19/2018,6490
2/20/2018,6490
2/21/2018,6490
2/22/2018,6490
2/23/2018,6490
2/24/2018,6490
2/25/2018,6490
2/26/2018,6490
2/27/2018,6490
2/28/2018,6490
3/1/2018,6490
3/2/2018,6490
3/3/2018,6490
3/4/2018,6490
3/5/2018,6490
3/6/2018,6490
3/7/2018,6490
3/8/2018,3730
3/9/2018,4526
3/10/2018,1614
3/11/2018,3211
3/12/2018,666
3/13/2018,2642
3/14/2018,4172
3/15/2018,7842
3/16/2018,8877
3/17/2018,7916
3/18/2018,3494
3/19/2018,3459
3/20/2018,7490
3/21/2018,7271
3/22/2018,5039
3/23/2018,3466
3/24/2018,3699
3/25/2018,4730
3/26/2018,530
3/27/2018,2625
3/28/2018,1442
3/29/2018,5363
3/30/2018,6991
3/31/2018,5324
4/1/2018,8282
4/2/2018,2820
4/3/2018,6606
4/4/2018,6232
4/5/2018,7978
4/6/2018,1722
4/7/2018,160
4/8/2018,3218
4/9/2018,3738
4/10/2018,8331
4/11/2018,3013
4/12/2018,2059
4/13/2018,751
4/14/2018,7063
4/15/2018,1751
4/16/2018,6898
4/17/2018,6119
4/18/2018,4145
4/19/2018,4145
4/20/2018,4145
4/21/2018,4145
4/22/2018,4145
4/23/2018,4145
4/24/2018,4145
4/25/2018,4145
4/26/2018,4145
4/27/2018,4145
4/28/2018,4145
4/29/2018,4145
4/30/2018,4145
5/1/2018,4145
5/2/2018,4145
5/3/2018,4145
5/4/2018,4145
5/5/2018,4145
5/6/2018,4145
5/7/2018,4145
5/8/2018,4145
5/9/2018,4145
5/10/2018,4145
5/11/2018,4145
5/12/2018,4145
5/13/2018,4145
5/14/2018,4145
5/15/2018,4145
5/16/2018,4145
5/17/2018,4145
5/18/2018,4145
5/19/2018,4145
5/20/2018,4145
5/21/2018,4145
5/22/2018,4145
5/23/2018,4145
5/24/2018,4145
5/25/2018,4145
5/26/2018,4145
5/27/2018,4145
5/28/2018,4145
5/29/2018,4145
5/30/2018,4145
5/31/2018,4145
6/1/2018,4145
6/2/2018,4145
6/3/2018,4145
6/4/2018,4145
6/5/2018,4145
6/6/2018,4145
6/7/2018,4145
6/8/2018,4145
6/9/2018,4145
6/10/2018,4145
6/11/2018,4145
6/12/2018,4145
6/13/2018,4145
6/14/2018,4145
6/15/2018,4145
6/16/2018,4145
6/17/2018,4145
6/18/2018,4145
6/19/2018,4145
6/20/2018,4145
6/21/2018,4145
6/22/2018,4145
6/23/2018,4145
6/24/2018,3668
6/25/2018,4895
6/26/2018,3473
6/27/2018,2512
6/28/2018,1189
6/29/2018,5565
6/30/2018,3777
7/1/2018,8968
7/2/2018,616
7/3/2018,921
7/4/2018,2666
7/5/2018,8281
7/6/2018,6178
7/7/2018,1308
7/8/2018,864
7/9/2018,8241
7/10/2018,1218
7/11/2018,3841
7/12/2018,6737
7/13/2018,3378
7/14/2018,3567
7/15/2018,5526
7/16/2018,8200
7/17/2018,5451
7/18/2018,2713
7/19/2018,8549
7/20/2018,8540
7/21/2018,8026
7/22/2018,6262
7/23/2018,6633
7/24/2018,8653
7/25/2018,8837
7/26/2018,4553
7/27/2018,8811
7/28/2018,8432
7/29/2018,4163
7/30/2018,2047
7/31/2018,2047
8/1/2018,2047
8/2/2018,2047
8/3/2018,2047
8/4/2018,2047
8/5/2018,2047
8/6/2018,2047
8/7/2018,2047
8/8/2018,2047
8/9/2018,2047
8/10/2018,2047
8/11/2018,2047
8/12/2018,2047
8/13/2018,2047
8/14/2018,2047
8/15/2018,2047
8/16/2018,2047
8/17/2018,2047
8/18/2018,2047
8/19/2018,2047
8/20/2018,2047
8/21/2018,2047
8/22/2018,2047
8/23/2018,2047
8/24/2018,2047
8/25/2018,2047
8/26/2018,2047
8/27/2018,2047
8/28/2018,2047
8/29/2018,2047
8/30/2018,2047
8/31/2018,2047
9/1/2018,2047
9/2/2018,2047
9/3/2018,2047
9/4/2018,2047
9/5/2018,2047
9/6/2018,2047
9/7/2018,2047
9/8/2018,2047
9/9/2018,2047
9/10/2018,2047
9/11/2018,2047
9/12/2018,2047
9/13/2018,2047
9/14/2018,2047
9/15/2018,2047
9/16/2018,2047
9/17/2018,2047
9/18/2018,2047
9/19/2018,2047
9/20/2018,2047
9/21/2018,2047
9/22/2018,2047
9/23/2018,2047
9/24/2018,2047
9/25/2018,2047
9/26/2018,2047
9/27/2018,2047
9/28/2018,2047
9/29/2018,2047
9/30/2018,2047
10/1/2018,2047
10/2/2018,2047
10/3/2018,2047
10/4/2018,2047
10/5/2018,2047
10/6/2018,2047
10/7/2018,2047
10/8/2018,2047
10/9/2018,2047
10/10/2018,2047
10/11/2018,2047
10/12/2018,2047
10/13/2018,2047
10/14/2018,2047
10/15/2018,2047
10/16/2018,2047
10/17/2018,2047
10/18/2018,2047
10/19/2018,2047
10/20/2018,4331
10/21/2018,5760
10/22/2018,5963
10/23/2018,3350
10/24/2018,2896
10/25/2018,3841
10/26/2018,6894
10/27/2018,8330
10/28/2018,5569
10/29/2018,3454
10/30/2018,3080
10/31/2018,1547
11/1/2018,8125
11/2/2018,5234
11/3/2018,5652
11/4/2018,2895
11/5/2018,1681
11/6/2018,6862
11/7/2018,6264
11/8/2018,3244
11/9/2018,1999
11/10/2018,3647
11/11/2018,6463
11/12/2018,5059
11/13/2018,7438
11/14/2018,3194
11/15/2018,5906
11/16/2018,6996
11/17/2018,5968
11/18/2018,7495
11/19/2018,7254
11/20/2018,3488
11/21/2018,1940
11/22/2018,6913
11/23/2018,505
11/24/2018,5657
11/25/2018,511
11/26/2018,4498
11/27/2018,2018
11/28/2018,7535
11/29/2018,7849
11/30/2018,1191
12/1/2018,8459
12/2/2018,4552
12/3/2018,7391
12/4/2018,1292
12/5/2018,5658
12/6/2018,3713
12/7/2018,5581
12/8/2018,1995
12/9/2018,8440
12/10/2018,6514
12/11/2018,3205
12/12/2018,4696
12/13/2018,8846
12/14/2018,6095
12/15/2018,1349
12/16/2018,1067
12/17/2018,3654
12/18/2018,7240
12/19/2018,8393
12/20/2018,8080
12/21/2018,3649
12/22/2018,2435
12/23/2018,1631
12/24/2018,8531
12/25/2018,6270
12/26/2018,3212
12/27/2018,3425
12/28/2018,12
12/29/2018,7062
12/30/2018,8861
12/31/2018,129
1/1/2019,5826
1/2/2019,2779
1/3/2019,5903
1/4/2019,3036
1/5/2019,1627
1/6/2019,7669
1/7/2019,3342
1/8/2019,9839
1/9/2019,6346
1/10/2019,1055
1/11/2019,1588
1/12/2019,5226
1/13/2019,2787
1/14/2019,1098
1/15/2019,8985
1/16/2019,4265
1/17/2019,9390
1/18/2019,3336
1/19/2019,5351
1/20/2019,6039
1/21/2019,4201
1/22/2019,7378
1/23/2019,1459
1/24/2019,5766
1/25/2019,2639
1/26/2019,3854
1/27/2019,4893
1/28/2019,7503
1/29/2019,9034
1/30/2019,5424
1/31/2019,8724
2/1/2019,5754
2/2/2019,2015
2/3/2019,9186
2/4/2019,8189
2/5/2019,2122
2/6/2019,9303
2/7/2019,1621
2/8/2019,2228
2/9/2019,5880
2/10/2019,6016
2/11/2019,9010
2/12/2019,2552
2/13/2019,2193
2/14/2019,6894
2/15/2019,6774
2/16/2019,4775
2/17/2019,3500
2/18/2019,6457
2/19/2019,2792
2/20/2019,9369
2/21/2019,1516
2/22/2019,6299
2/23/2019,6934
2/24/2019,2826
2/25/2019,8818
2/26/2019,2556
2/27/2019,8468
2/28/2019,8332
3/1/2019,3622
3/2/2019,6380
3/3/2019,2927
3/4/2019,7037
3/5/2019,8537
3/6/2019,8120
3/7/2019,5475
3/8/2019,5475
3/9/2019,5475
3/10/2019,5475
3/11/2019,5475
3/12/2019,5475
3/13/2019,5475
3/14/2019,5475
3/15/2019,5475
3/16/2019,5475
3/17/2019,5475
3/18/2019,5475
3/19/2019,5475
3/20/2019,5475
3/21/2019,5475
3/22/2019,5475
3/23/2019,5475
3/24/2019,5475
3/25/2019,5475
3/26/2019,5475
3/27/2019,5475
3/28/2019,5475
3/29/2019,5475
3/30/2019,5475
3/31/2019,5475
4/1/2019,5475
4/2/2019,5475
4/3/2019,5475
4/4/2019,5475
4/5/2019,5475
4/6/2019,5475
4/7/2019,5475
4/8/2019,5475
4/9/2019,5475
4/10/2019,5475
4/11/2019,5475
4/12/2019,5475
4/13/2019,5475
4/14/2019,5475
4/15/2019,5475
4/16/2019,5475
4/17/2019,5475
4/18/2019,5475
4/19/2019,5475
4/20/2019,5475
4/21/2019,5475
4/22/2019,5475
4/23/2019,5475
4/24/2019,5475
4/25/2019,5475
4/26/2019,5475
4/27/2019,5475
4/28/2019,5475
4/29/2019,9989
4/30/2019,8682
5/1/2019,3735
5/2/2019,2851
5/3/2019,2497
5/4/2019,8402
5/5/2019,8012
5/6/2019,4031
5/7/2019,7768
5/8/2019,6213
5/9/2019,9082
5/10/2019,3987
5/11/2019,5085
5/12/2019,6667
5/13/2019,8352
5/14/2019,6752
5/15/2019,6267
5/16/2019,7604
5/17/2019,1156
5/18/2019,4368
5/19/2019,7703
5/20/2019,2787
5/21/2019,2696
5/22/2019,5834
5/23/2019,1821
5/24/2019,1029
5/25/2019,4075
5/26/2019,5114
5/27/2019,1960
5/28/2019,9066
5/29/2019,6912
5/30/2019,9989
5/31/2019,8581
6/1/2019,2590
6/2/2019,6306
6/3/2019,2396
6/4/2019,2272
6/5/2019,1087
6/6/2019,3265
6/7/2019,9497
6/8/2019,2144
6/9/2019,6968
6/10/2019,8657
6/11/2019,3832
6/12/2019,3887
6/13/2019,3475
6/14/2019,2542
6/15/2019,9466
6/16/2019,4620
6/17/2019,2523
6/18/2019,6096
6/19/2019,1751
6/20/2019,9955
6/21/2019,2346
6/22/2019,2672
6/23/2019,5872
6/24/2019,8972
6/25/2019,1965
6/26/2019,7001
6/27/2019,3211
6/28/2019,6070
6/29/2019,3108
6/30/2019,8447
7/1/2019,3982
7/2/2019,8524
7/3/2019,7908
7/4/2019,3810
7/5/2019,5525
7/6/2019,5875
7/7/2019,3052
7/8/2019,4628
7/9/2019,2605
7/10/2019,6661
7/11/2019,8241
7/12/2019,7589
7/13/2019,9766
7/14/2019,7298
7/15/2019,9651
7/16/2019,3593
7/17/2019,2695
7/18/2019,4102
7/19/2019,5634
7/20/2019,4571
7/21/2019,2714
7/22/2019,6900
7/23/2019,8555
7/24/2019,4797
7/25/2019,3050
7/26/2019,1800
7/27/2019,6453
7/28/2019,8041
7/29/2019,1728
7/30/2019,7702
7/31/2019,5091
8/1/2019,3099
8/2/2019,5340
8/3/2019,2254
8/4/2019,8556
8/5/2019,7534
8/6/2019,3704
8/7/2019,5539
8/8/2019,6951
8/9/2019,6301
8/10/2019,3080
8/11/2019,7551
8/12/2019,4086
8/13/2019,7367
8/14/2019,5698
8/15/2019,5101
8/16/2019,7349
8/17/2019,1016
8/18/2019,7017
8/19/2019,8628
8/20/2019,4698
8/21/2019,4426
8/22/2019,6471
8/23/2019,7720
8/24/2019,1756
8/25/2019,8437
8/26/2019,1055
8/27/2019,7827
8/28/2019,5244
8/29/2019,3549
8/30/2019,1141
8/31/2019,8067
9/1/2019,4210
9/2/2019,9271
9/3/2019,6170
9/4/2019,9455
9/5/2019,3621
9/6/2019,9360
9/7/2019,2884
9/8/2019,3564
9/9/2019,2929
9/10/2019,9361
9/11/2019,3420
9/12/2019,1014
9/13/2019,6882
9/14/2019,7602
9/15/2019,2755
9/16/2019,1324
9/17/2019,2981
9/18/2019,6566
9/19/2019,7242
9/20/2019,7831
9/21/2019,3994
9/22/2019,8070
9/23/2019,5242
9/24/2019,2335
9/25/2019,2320
9/26/2019,3848
9/27/2019,9423
9/28/2019,3655
9/29/2019,4135
9/30/2019,9142
10/1/2019,5728
10/2/2019,7339
10/3/2019,4955
10/4/2019,4517
10/5/2019,1751
10/6/2019,4322
10/7/2019,8148
10/8/2019,6275
10/9/2019,9604
10/10/2019,1730
10/11/2019,6061
10/12/2019,1321
10/13/2019,3923
10/14/2019,1851
10/15/2019,9939
10/16/2019,6288
10/17/2019,2355
10/18/2019,2745
10/19/2019,9201
10/20/2019,9201
10/21/2019,9201
10/22/2019,9201
10/23/2019,9201
10/24/2019,9201
10/25/2019,9201
10/26/2019,9201
10/27/2019,9201
10/28/2019,9201
10/29/2019,9201
10/30/2019,9201
10/31/2019,9201
11/1/2019,9201
11/2/2019,9201
11/3/2019,9201
11/4/2019,9201
11/5/2019,9201
11/6/2019,9201
11/7/2019,9201
11/8/2019,9201
11/9/2019,9201
11/10/2019,9201
11/11/2019,9201
11/12/2019,9201
11/13/2019,9201
11/14/2019,9201
11/15/2019,9201
11/16/2019,9201
11/17/2019,9201
11/18/2019,9201
11/19/2019,9201
11/20/2019,9201
11/21/2019,9201
11/22/2019,9201
11/23/2019,9201
11/24/2019,9201
11/25/2019,9201
11/26/2019,9201
11/27/2019,9201
11/28/2019,9201
11/29/2019,9201
11/30/2019,9201
12/1/2019,9201
12/2/2019,9201
12/3/2019,9201
12/4/2019,9201
12/5/2019,9201
12/6/2019,9201
12/7/2019,9201
12/8/2019,9201
12/9/2019,9201
12/10/2019,9201
12/11/2019,9201
12/12/2019,9201
12/13/2019,9201
12/14/2019,9201
12/15/2019,9201
12/16/2019,9201
12/17/2019,9201
12/18/2019,9201
12/19/2019,9201
12/20/2019,9201
12/21/2019,9201
12/22/2019,9201
12/23/2019,9201
12/24/2019,9201
12/25/2019,9201
12/26/2019,9201
12/27/2019,9201
12/28/2019,9201
12/29/2019,9201
12/30/2019,9201
12/31/2019,9201
1/1/2020,1587
1/2/2020,1015
1/3/2020,53
1/4/2020,1833
1/5/2020,743
1/6/2020,2396
1/7/2020,5334
1/8/2020,2788
1/9/2020,550
1/10/2020,1916
1/11/2020,6011
1/12/2020,2922
1/13/2020,6617
1/14/2020,8627
1/15/2020,4856
1/16/2020,4403
1/17/2020,4834
1/18/2020,7283
1/19/2020,8313
1/20/2020,4011
1/21/2020,2672
1/22/2020,2091
1/23/2020,6962
1/24/2020,2316
1/25/2020,1883
1/26/2020,1094
1/27/2020,2898
1/28/2020,2189
1/29/2020,2538
1/30/2020,4093
1/31/2020,6980
2/1/2020,2850
2/2/2020,4385
2/3/2020,2260
2/4/2020,6503
2/5/2020,7189
2/6/2020,1325
2/7/2020,4725
2/8/2020,3546
2/9/2020,6957
2/10/2020,2247
2/11/2020,3925
2/12/2020,5938
2/13/2020,1052
2/14/2020,8321
2/15/2020,4110
2/16/2020,33
2/17/2020,1230
2/18/2020,4686
2/19/2020,2491
2/20/2020,1046
2/21/2020,7442
2/22/2020,2352
2/23/2020,5519
2/24/2020,7285
2/25/2020,924
2/26/2020,2301
2/27/2020,2456
2/28/2020,5606
2/29/2020,7246
3/1/2020,5188
3/2/2020,271
3/3/2020,7428
3/4/2020,4687
3/5/2020,2179
3/6/2020,2822
3/7/2020,1511
3/8/2020,5158
3/9/2020,7215
3/10/2020,8270
3/11/2020,287
3/12/2020,685
3/13/2020,4744
3/14/2020,5323
3/15/2020,7664
3/16/2020,894
3/17/2020,6837
3/18/2020,6837
3/19/2020,6837
3/20/2020,6837
3/21/2020,6837
3/22/2020,6837
3/23/2020,6837
3/24/2020,6837
3/25/2020,6837
3/26/2020,6837
3/27/2020,6837
3/28/2020,6837
3/29/2020,6837
3/30/2020,6837
3/31/2020,6837
4/1/2020,6837
4/2/2020,6837
4/3/2020,6837
4/4/2020,6837
4/5/2020,6837
4/6/2020,6837
4/7/2020,6837
4/8/2020,6837
4/9/2020,6837
4/10/2020,6837
4/11/2020,6837
4/12/2020,6837
4/13/2020,6837
4/14/2020,6837
4/15/2020,6837
4/16/2020,6837
4/17/2020,6837
4/18/2020,6837
4/19/2020,6837
4/20/2020,6837
4/21/2020,6837
4/22/2020,6837
4/23/2020,6837
4/24/2020,6837
4/25/2020,6837
4/26/2020,6837
4/27/2020,6837
4/28/2020,6837
4/29/2020,6837
4/30/2020,6837
5/1/2020,6837
5/2/2020,6837
5/3/2020,6837
5/4/2020,6837
5/5/2020,6837
5/6/2020,6837
5/7/2020,6837
5/8/2020,6837
5/9/2020,6837
5/10/2020,6837
5/11/2020,6837
5/12/2020,6837
5/13/2020,6837
5/14/2020,6837
5/15/2020,6837
5/16/2020,6837
5/17/2020,6837
5/18/2020,6837
5/19/2020,6837
5/20/2020,6837
5/21/2020,6837
5/22/2020,6837
5/23/2020,6837
5/24/2020,6837
5/25/2020,6837
5/26/2020,6837
5/27/2020,6837
5/28/2020,6837
5/29/2020,2629
5/30/2020,6557
5/31/2020,7322
6/1/2020,115
6/2/2020,6174
6/3/2020,8792
6/4/2020,1979
6/5/2020,262
6/6/2020,3357
6/7/2020,5718
6/8/2020,8530
6/9/2020,4563
6/10/2020,5993
6/11/2020,343
6/12/2020,7679
6/13/2020,2715
6/14/2020,8080
6/15/2020,4741
6/16/2020,2539
6/17/2020,1538
6/18/2020,6358
6/19/2020,6284
6/20/2020,6824
6/21/2020,3044
6/22/2020,8163
6/23/2020,6732
6/24/2020,792
6/25/2020,8069
6/26/2020,965
6/27/2020,5640
6/28/2020,2287
6/29/2020,5337
6/30/2020,8208
7/1/2020,7168
7/2/2020,922
7/3/2020,4619
7/4/2020,5675
7/5/2020,2295
7/6/2020,2900
7/7/2020,2301
7/8/2020,6222
7/9/2020,2178
7/10/2020,3049
7/11/2020,3049
7/12/2020,3049
7/13/2020,3049
7/14/2020,3049
7/15/2020,3049
7/16/2020,3049
7/17/2020,3049
7/18/2020,3049
7/19/2020,3049
7/20/2020,3049
7/21/2020,3049
7/22/2020,3049
7/23/2020,3049
7/24/2020,3049
7/25/2020,3049
7/26/2020,3049
7/27/2020,3049
7/28/2020,3049
7/29/2020,3049
7/30/2020,3049
7/31/2020,3049
8/1/2020,3049
8/2/2020,3049
8/3/2020,3049
8/4/2020,3049
8/5/2020,3049
8/6/2020,3049
8/7/2020,3049
8/8/2020,3049
8/9/2020,3589
8/10/2020,7036
8/11/2020,6353
8/12/2020,2684
8/13/2020,7697
8/14/2020,1589
8/15/2020,8539
8/16/2020,1867
8/17/2020,7095
8/18/2020,5780
8/19/2020,7693
8/20/2020,6809
8/21/2020,4339
8/22/2020,3413
8/23/2020,2389
8/24/2020,860
8/25/2020,8283
8/26/2020,1327
8/27/2020,1219
8/28/2020,3463
8/29/2020,4676
8/30/2020,1134
8/31/2020,8931
9/1/2020,718
9/2/2020,8005
9/3/2020,6746
9/4/2020,901
9/5/2020,2072
9/6/2020,2141
9/7/2020,7322
9/8/2020,1813
9/9/2020,3737
9/10/2020,2557
9/11/2020,5063
9/12/2020,8597
9/13/2020,4867
9/14/2020,4867
9/15/2020,4867
9/16/2020,4867
9/17/2020,4867
9/18/2020,4867
9/19/2020,4867
9/20/2020,4867
9/21/2020,4867
9/22/2020,4867
9/23/2020,4867
9/24/2020,4867
9/25/2020,4867
9/26/2020,4867
9/27/2020,4867
9/28/2020,4867
9/29/2020,4867
9/30/2020,4867
10/1/2020,4867
10/2/2020,4867
10/3/2020,4867
10/4/2020,4867
10/5/2020,4867
10/6/2020,4867
10/7/2020,4867
10/8/2020,4867
10/9/2020,4867
10/10/2020,4867
10/11/2020,4867
10/12/2020,4867
10/13/2020,8369
10/14/2020,2978
10/15/2020,6116
10/16/2020,1711
10/17/2020,2939
10/18/2020,5430
10/19/2020,2488
10/20/2020,8687
10/21/2020,904
10/22/2020,904
10/23/2020,904
10/24/2020,904
10/25/2020,904
10/26/2020,904
10/27/2020,904
10/28/2020,904
10/29/2020,904
10/30/2020,904
10/31/2020,904
11/1/2020,904
11/2/2020,904
11/3/2020,904
11/4/2020,904
11/5/2020,904
11/6/2020,904
11/7/2020,904
11/8/2020,904
11/9/2020,904
11/10/2020,904
11/11/2020,904
11/12/2020,904
11/13/2020,904
11/14/2020,904
11/15/2020,904
11/16/2020,904
11/17/2020,904
11/18/2020,904
11/19/2020,904
11/20/2020,904
11/21/2020,904
11/22/2020,904
11/23/2020,904
11/24/2020,904
11/25/2020,904
11/26/2020,904
11/27/2020,904
11/28/2020,904
11/29/2020,904
11/30/2020,904
12/1/2020,904
12/2/2020,904
12/3/2020,904
12/4/2020,904
12/5/2020,904
12/6/2020,904
12/7/2020,904
12/8/2020,904
12/9/2020,904
12/10/2020,904
12/11/2020,904
12/12/2020,904
12/13/2020,904
12/14/2020,904
12/15/2020,904
12/16/2020,904
12/17/2020,904
12/18/2020,904
12/19/2020,904
12/20/2020,904
12/21/2020,904
12/22/2020,904
12/23/2020,904
12/24/2020,904
12/25/2020,904
12/26/2020,904
12/27/2020,904
12/28/2020,904
12/29/2020,904
12/30/2020,904
12/31/2020,904
1/1/2021,6005
1/2/2021,6005
1/3/2021,6005
1/4/2021,6005
1/5/2021,8000
1/6/2021,8000
1/7/2021,8000
1/8/2021,8000
1/9/2021,8000
1/10/2021,8000
1/11/2021,8000
1/12/2021,8000
1/13/2021,8000
1/14/2021,8000
1/15/2021,8000
1/16/2021,8000
1/17/2021,8000
1/18/2021,8000
1/19/2021,8000
1/20/2021,8000
1/21/2021,8000
1/22/2021,8000
1/23/2021,8000
1/24/2021,8000
1/25/2021,6005
1/26/2021,6005
1/27/2021,6005
1/28/2021,6005
1/29/2021,6005
1/30/2021,6005
1/31/2021,6005
2/1/2021,9600
2/2/2021,9600
2/3/2021,9600
2/4/2021,9600
2/5/2021,9600
2/6/2021,9600
2/7/2021,9600
2/8/2021,9600
2/9/2021,9600
2/10/2021,9600
2/11/2021,9600
2/12/2021,9600
2/13/2021,9600
2/14/2021,9600
2/15/2021,9600
2/16/2021,9600
2/17/2021,9600
2/18/2021,9600
2/19/2021,9600
2/20/2021,9600
2/21/2021,9600
2/22/2021,9600
2/23/2021,9600
2/24/2021,9600
2/25/2021,9600
2/26/2021,9600
2/27/2021,9600
2/28/2021,7600
3/1/2021,7600
3/2/2021,7600
3/3/2021,7600
3/4/2021,7600
3/5/2021,7600
3/6/2021,7600
3/7/2021,7600
3/8/2021,7600
3/9/2021,7600
3/10/2021,7600
3/11/2021,7600
3/12/2021,7600
3/13/2021,7600
3/14/2021,7600
3/15/2021,7600
3/16/2021,7600
3/17/2021,7600
3/18/2021,7600
3/19/2021,7600
3/20/2021,7600
3/21/2021,7600
3/22/2021,7600
3/23/2021,7600
3/24/2021,7600
3/25/2021,7600
3/26/2021,7600
3/27/2021,7600
3/28/2021,7600
3/29/2021,7600
3/30/2021,7600
3/31/2021,6800
4/1/2021,6800
4/2/2021,6800
4/3/2021,6800
4/4/2021,6800
4/5/2021,6800
4/6/2021,6800
4/7/2021,6800
4/8/2021,6800
4/9/2021,6800
4/10/2021,6800
4/11/2021,6800
4/12/2021,6800
4/13/2021,6800
4/14/2021,6800
4/15/2021,6800
4/16/2021,6800
4/17/2021,6800
4/18/2021,6800
4/19/2021,6800
4/20/2021,6800
4/21/2021,6800
4/22/2021,6800
4/23/2021,6800
4/24/2021,6800
4/25/2021,6800
4/26/2021,6800
4/27/2021,6800
4/28/2021,6800
4/29/2021,6800
4/30/2021,5200
5/1/2021,5200
5/2/2021,5200
5/3/2021,5200
5/4/2021,5200
5/5/2021,5200
5/6/2021,5200
5/7/2021,5200
5/8/2021,5200
5/9/2021,5200
5/10/2021,5200
5/11/2021,5200
5/12/2021,5200
5/13/2021,5200
5/14/2021,5200
5/15/2021,5200
5/16/2021,5200
5/17/2021,5200
5/18/2021,5200
5/19/2021,5200
5/20/2021,5200
5/21/2021,5200
5/22/2021,5200
5/23/2021,5200
5/24/2021,5200
5/25/2021,5200
5/26/2021,8650
5/27/2021,8650
5/28/2021,8650
5/29/2021,8650
5/30/2021,8650
5/31/2021,8650
6/1/2021,8650
6/2/2021,8650
6/3/2021,8650
6/4/2021,8650
6/5/2021,8650
6/6/2021,8650
6/7/2021,8650
6/8/2021,8650
6/9/2021,8650
6/10/2021,8650
6/11/2021,8650
6/12/2021,8650
6/13/2021,8650
6/14/2021,8650
6/15/2021,8650
6/16/2021,8650
6/17/2021,8650
6/18/2021,8650
6/19/2021,8650
6/20/2021,8650
6/21/2021,8650
6/22/2021,8650
6/23/2021,8650
6/24/2021,8650
6/25/2021,8650
6/26/2021,8650
6/27/2021,8650
6/28/2021,8650
6/29/2021,8650
6/30/2021,8650
7/1/2021,8650
7/2/2021,8650
7/3/2021,8650
7/4/2021,8650
7/5/2021,8650
7/6/2021,8650
7/7/2021,8650
7/8/2021,8650
7/9/2021,8650
7/10/2021,8650
7/11/2021,8650
7/12/2021,8650
7/13/2021,8650
7/14/2021,8650
7/15/2021,8650
7/16/2021,8650
7/17/2021,8650
7/18/2021,8650
7/19/2021,8650
7/20/2021,8650
7/21/2021,8650
7/22/2021,8650
7/23/2021,8650
7/24/2021,8650
7/25/2021,8650
7/26/2021,8650
7/27/2021,8650
7/28/2021,8650
7/29/2021,8650
7/30/2021,8650
7/31/2021,8650
8/1/2021,8650
8/2/2021,8650
8/3/2021,8650
8/4/2021,8650
8/5/2021,8650
8/6/2021,8650
8/7/2021,8650
8/8/2021,8000
8/9/2021,8000
8/10/2021,8000
8/11/2021,8000
8/12/2021,8000
8/13/2021,8000
8/14/2021,8000
8/15/2021,8000
8/16/2021,8000
8/17/2021,8000
8/18/2021,8000
8/19/2021,8000
8/20/2021,8000
8/21/2021,8000
8/22/2021,8000
8/23/2021,8000
8/24/2021,8000
8/25/2021,8000
8/26/2021,8000
8/27/2021,8000
8/28/2021,8000
8/29/2021,8000
8/30/2021,8000
8/31/2021,9320
9/1/2021,9320
9/2/2021,9320
9/3/2021,9320
9/4/2021,9320
9/5/2021,9320
9/6/2021,9320
9/7/2021,9320
9/8/2021,9320
9/9/2021,9320
9/10/2021,9320
9/11/2021,9320
9/12/2021,9320
9/13/2021,9320
9/14/2021,9320
9/15/2021,9320
9/16/2021,9320
9/17/2021,9320
9/18/2021,9320
9/19/2021,9320
9/20/2021,9320
9/21/2021,9320
9/22/2021,9320
9/23/2021,9320
9/24/2021,9320
9/25/2021,9320
9/26/2021,9320
9/27/2021,9320
9/28/2021,9320
9/29/2021,9320
9/30/2021,9320
10/1/2021,9320
10/2/2021,9320
10/3/2021,9320
10/4/2021,9320
10/5/2021,9320
10/6/2021,9320
10/7/2021,8765
10/8/2021,8765
10/9/2021,8765
10/10/2021,8765
10/11/2021,8765
10/12/2021,8765
10/13/2021,8765
10/14/2021,8765
10/15/2021,8765
10/16/2021,8765
10/17/2021,8765
10/18/2021,8765
10/19/2021,8765
10/20/2021,8765
10/21/2021,8765
10/22/2021,8765
10/23/2021,8765
10/24/2021,8765
10/25/2021,8765
10/26/2021,8765
10/27/2021,8765
10/28/2021,8765
10/29/2021,8765
10/30/2021,8765
10/31/2021,8765
11/1/2021,8765
11/2/2021,7954
11/3/2021,7954
11/4/2021,7954
11/5/2021,7954
11/6/2021,7954
11/7/2021,7954
11/8/2021,7954
11/9/2021,7954
11/10/2021,7954
11/11/2021,7954
11/12/2021,7954
11/13/2021,7954
11/14/2021,7954
11/15/2021,7954
11/16/2021,7954
11/17/2021,7954
11/18/2021,7954
11/19/2021,7954
11/20/2021,7954
11/21/2021,7954
11/22/2021,7954
11/23/2021,7954
11/24/2021,7954
11/25/2021,7954
11/26/2021,7954
11/27/2021,7954
11/28/2021,7954
11/29/2021,7954
11/30/2021,7954
12/1/2021,7954
12/2/2021,7954
12/3/2021,7954
12/4/2021,7954
12/5/2021,7954
12/6/2021,7954
12/7/2021,7954
12/8/2021,7954
12/9/2021,7954
12/10/2021,7954
12/11/2021,7954
12/12/2021,7954
12/13/2021,7954
12/14/2021,7954
12/15/2021,7954
12/16/2021,7954
12/17/2021,7954
12/18/2021,7954
12/19/2021,7954
12/20/2021,7954
12/21/2021,7954
12/22/2021,7954
12/23/2021,7954
12/24/2021,7954
12/25/2021,7954
12/26/2021,7954
12/27/2021,7954
12/28/2021,7954
12/29/2021,7954
12/30/2021,7954
12/31/2021,7954
1/1/2022,7234
1/2/2022,7234
1/3/2022,7234
1/4/2022,7234
1/5/2022,7234
1/6/2022,7234
1/7/2022,7234
1/8/2022,7234
1/9/2022,7234
1/10/2022,1275
1/11/2022,4889
1/12/2022,8248
1/13/2022,480
1/14/2022,4451
1/15/2022,6461
1/16/2022,5584
1/17/2022,5867
1/18/2022,2487
1/19/2022,7509
1/20/2022,5872
1/21/2022,1215
1/22/2022,2110
1/23/2022,5868
1/24/2022,1691
1/25/2022,6500
1/26/2022,1632
1/27/2022,862
1/28/2022,5123
1/29/2022,7373
1/30/2022,4000
1/31/2022,4511
2/1/2022,8883
2/2/2022,819
2/3/2022,3092
2/4/2022,2976
2/5/2022,1324
2/6/2022,8405
2/7/2022,6791
2/8/2022,3338
2/9/2022,3726
2/10/2022,3626
2/11/2022,2056
2/12/2022,8407
2/13/2022,2476
2/14/2022,5717
2/15/2022,6035
2/16/2022,2408
2/17/2022,4298
2/18/2022,1579
2/19/2022,7739
2/20/2022,8474
2/21/2022,996
2/22/2022,7497
2/23/2022,3897
2/24/2022,8205
2/25/2022,5665
2/26/2022,2044
2/27/2022,2717
2/28/2022,7296
3/1/2022,1139
3/2/2022,3732
3/3/2022,5943
3/4/2022,2459
3/5/2022,7722
3/6/2022,4005
3/7/2022,8924
3/8/2022,3475
3/9/2022,5155
3/10/2022,3207
3/11/2022,8111
3/12/2022,1067
3/13/2022,2126
3/14/2022,3311
3/15/2022,6314
3/16/2022,6314
3/17/2022,6314
3/18/2022,6314
3/19/2022,6314
3/20/2022,6314
3/21/2022,6314
3/22/2022,6314
3/23/2022,6314
3/24/2022,6314
3/25/2022,6314
3/26/2022,6314
3/27/2022,6314
3/28/2022,6314
3/29/2022,6314
3/30/2022,6314
3/31/2022,6314
4/1/2022,6314
4/2/2022,6314
4/3/2022,6314
4/4/2022,6314
4/5/2022,6314
4/6/2022,6314
4/7/2022,6314
4/8/2022,6314
4/9/2022,6314
4/10/2022,6314
4/11/2022,6314
4/12/2022,6314
4/13/2022,6314
4/14/2022,6314
4/15/2022,6314
4/16/2022,6314
4/17/2022,6314
4/18/2022,6314
4/19/2022,6314
4/20/2022,6314
4/21/2022,6314
4/22/2022,6314
4/23/2022,6314
4/24/2022,6314
4/25/2022,6314
4/26/2022,6314
4/27/2022,6314
4/28/2022,6314
4/29/2022,6314
4/30/2022,6314
5/1/2022,6314
5/2/2022,6314
5/3/2022,6314
5/4/2022,6314
5/5/2022,6314
5/6/2022,6314
5/7/2022,6314
5/8/2022,6314
5/9/2022,6314
5/10/2022,6314
5/11/2022,6314
5/12/2022,6314
5/13/2022,6314
5/14/2022,6314
5/15/2022,6314
5/16/2022,6314
5/17/2022,6314
5/18/2022,6314
5/19/2022,6314
5/20/2022,6314
5/21/2022,6314
5/22/2022,6314
5/23/2022,6314
5/24/2022,6314
5/25/2022,6314
5/26/2022,6314
5/27/2022,6314
5/28/2022,6314
5/29/2022,6314
5/30/2022,6314
5/31/2022,6314
6/1/2022,6314
6/2/2022,6314
6/3/2022,6314
6/4/2022,6314
6/5/2022,6314
6/6/2022,6314
6/7/2022,6314
6/8/2022,6314
6/9/2022,6314
6/10/2022,4987
6/11/2022,2987
6/12/2022,3555
6/13/2022,4826
6/14/2022,3212
6/15/2022,5890
6/16/2022,6269
6/17/2022,1726
6/18/2022,3965
6/19/2022,905
6/20/2022,1200
6/21/2022,2621
6/22/2022,5627
6/23/2022,3960
6/24/2022,987
6/25/2022,1747
6/26/2022,6687
6/27/2022,1251
6/28/2022,5817
6/29/2022,7033
6/30/2022,4750
7/1/2022,2325
7/2/2022,6541
7/3/2022,6541
7/4/2022,6541
7/5/2022,6541
7/6/2022,6541
7/7/2022,6541
7/8/2022,6541
7/9/2022,6541
7/10/2022,6541
7/11/2022,6541
7/12/2022,6541
7/13/2022,6541
7/14/2022,6541
7/15/2022,6541
7/16/2022,6541
7/17/2022,6541
7/18/2022,6541
7/19/2022,6541
7/20/2022,6541
7/21/2022,6541
7/22/2022,6541
7/23/2022,6541
7/24/2022,6541
7/25/2022,6541
7/26/2022,6541
7/27/2022,6541
7/28/2022,6541
7/29/2022,6541
7/30/2022,6541
7/31/2022,6541
8/1/2022,6541
8/2/2022,6541
8/3/2022,6541
8/4/2022,6541
8/5/2022,6541
8/6/2022,6541
8/7/2022,6541
8/8/2022,6541
8/9/2022,6541
8/10/2022,6541
8/11/2022,6541
8/12/2022,368
8/13/2022,1890
8/14/2022,3094
8/15/2022,432
8/16/2022,4457
8/17/2022,2801
8/18/2022,7203
8/19/2022,2386
8/20/2022,7518
8/21/2022,5078
8/22/2022,1904
8/23/2022,2553
8/24/2022,6324
8/25/2022,4827
8/26/2022,5639
8/27/2022,5012
8/28/2022,7688
8/29/2022,7603
8/30/2022,964
8/31/2022,5538
9/1/2022,8479
9/2/2022,1660
9/3/2022,1660
9/4/2022,1660
9/5/2022,1660
9/6/2022,1660
9/7/2022,1660
9/8/2022,1660
9/9/2022,1660
9/10/2022,1660
9/11/2022,1660
9/12/2022,1660
9/13/2022,1660
9/14/2022,1660
9/15/2022,5067
9/16/2022,4128
9/17/2022,1134
9/18/2022,8690
9/19/2022,2275
9/20/2022,7597
9/21/2022,3719
9/22/2022,7710
9/23/2022,3135
9/24/2022,6145
9/25/2022,770
9/26/2022,8908
9/27/2022,2429
9/28/2022,4005
9/29/2022,2509
9/30/2022,8906
10/1/2022,2557
10/2/2022,2636
10/3/2022,5143
10/4/2022,5143
10/5/2022,5143
10/6/2022,5143
10/7/2022,5143
10/8/2022,5143
10/9/2022,5143
10/10/2022,5143
10/11/2022,5143
10/12/2022,5143
10/13/2022,5143
10/14/2022,5143
10/15/2022,5143
10/16/2022,5143
10/17/2022,5143
10/18/2022,5143
10/19/2022,5143
10/20/2022,5143
10/21/2022,5143
10/22/2022,5143
10/23/2022,5143
10/24/2022,5143
10/25/2022,5143
10/26/2022,5143
10/27/2022,5143
10/28/2022,5143
10/29/2022,5143
10/30/2022,5143
10/31/2022,5143
11/1/2022,5143
11/2/2022,5143
11/3/2022,5143
11/4/2022,5143
11/5/2022,5143
11/6/2022,5143
11/7/2022,5143
11/8/2022,5143
11/9/2022,5143
11/10/2022,5143
11/11/2022,5143
11/12/2022,5143
11/13/2022,5143
11/14/2022,5143
11/15/2022,5143
11/16/2022,5143
11/17/2022,5143
11/18/2022,5143
11/19/2022,5143
11/20/2022,5143
11/21/2022,5143
11/22/2022,5143
11/23/2022,5143
11/24/2022,5143
11/25/2022,5143
11/26/2022,5143
11/27/2022,5143
11/28/2022,5143
11/29/2022,5143
11/30/2022,5143
12/1/2022,5143
12/2/2022,5143
12/3/2022,5143
12/4/2022,5143
12/5/2022,5143
12/6/2022,5143
12/7/2022,5143
12/8/2022,5143
12/9/2022,5143
12/10/2022,5143
12/11/2022,5143
12/12/2022,5143
12/13/2022,5143
12/14/2022,5143
12/15/2022,5143
12/16/2022,5143
12/17/2022,5143
12/18/2022,5143
12/19/2022,5143
12/20/2022,5143
12/21/2022,5143
12/22/2022,5143
12/23/2022,5143
12/24/2022,9870
12/25/2022,9870
12/26/2022,9870
12/27/2022,9870
12/28/2022,9870
12/29/2022,9870
12/30/2022,9870
12/31/2022,9870
1/1/2023,
1/2/2023,
1/3/2023,
1/4/2023,
1/5/2023,
1/6/2023,
1/7/2023,
1/8/2023,
1/9/2023,
1/10/2023,
1/11/2023,
1/12/2023,
1/13/2023,
1/14/2023,
1/15/2023,
1/16/2023,
1/17/2023,
1/18/2023,
1/19/2023,
1/20/2023,
1/21/2023,
1/22/2023,
1/23/2023,
1/24/2023,
1/25/2023,
1/26/2023,
1/27/2023,
1/28/2023,
1/29/2023,
1/30/2023,
1/31/2023,
2/1/2023,
2/2/2023,
2/3/2023,
2/4/2023,
2/5/2023,
2/6/2023,
2/7/2023,
2/8/2023,
2/9/2023,
2/10/2023,
2/11/2023,
2/12/2023,
2/13/2023,
2/14/2023,
2/15/2023,
2/16/2023,
2/17/2023,
2/18/2023,
2/19/2023,
2/20/2023,
2/21/2023,
2/22/2023,
2/23/2023,
2/24/2023,
2/25/2023,
2/26/2023,
2/27/2023,
2/28/2023,
3/1/2023,
3/2/2023,
3/3/2023,
3/4/2023,
3/5/2023,
3/6/2023,
3/7/2023,
3/8/2023,
3/9/2023,
3/10/2023,
3/11/2023,
3/12/2023,
3/13/2023,
3/14/2023,
3/15/2023,
3/16/2023,
3/17/2023,
3/18/2023,
3/19/2023,
3/20/2023,
3/21/2023,
3/22/2023,
3/23/2023,
3/24/2023,
3/25/2023,
3/26/2023,
3/27/2023,
3/28/2023,
3/29/2023,
3/30/2023,
3/31/2023,
4/1/2023,
4/2/2023,
4/3/2023,
4/4/2023,
4/5/2023,
4/6/2023,
4/7/2023,
4/8/2023,
4/9/2023,
4/10/2023,
4/11/2023,
4/12/2023,
4/13/2023,
4/14/2023,
4/15/2023,
4/16/2023,
4/17/2023,
4/18/2023,
4/19/2023,
4/20/2023,
4/21/2023,
4/22/2023,
4/23/2023,
4/24/2023,
4/25/2023,
4/26/2023,
4/27/2023,
4/28/2023,
4/29/2023,
4/30/2023,
5/1/2023,
5/2/2023,
5/3/2023,
5/4/2023,
5/5/2023,
5/6/2023,
5/7/2023,
5/8/2023,
5/9/2023,
5/10/2023,
5/11/2023,
5/12/2023,
5/13/2023,
5/14/2023,
5/15/2023,
5/16/2023,
5/17/2023,
5/18/2023,
5/19/2023,
5/20/2023,
5/21/2023,
5/22/2023,
5/23/2023,
5/24/2023,
5/25/2023,
5/26/2023,
5/27/2023,
5/28/2023,
5/29/2023,
5/30/2023,
5/31/2023,
6/1/2023,
6/2/2023,
6/3/2023,
6/4/2023,
6/5/2023,
6/6/2023,
6/7/2023,
6/8/2023,
6/9/2023,
6/10/2023,
6/11/2023,
6/12/2023,
6/13/2023,
6/14/2023,
6/15/2023,
6/16/2023,
6/17/2023,
6/18/2023,
6/19/2023,
6/20/2023,
6/21/2023,
6/22/2023,
6/23/2023,
6/24/2023,
6/25/2023,
6/26/2023,
6/27/2023,
6/28/2023,
6/29/2023,
6/30/2023,
7/1/2023,
7/2/2023,
7/3/2023,
7/4/2023,
7/5/2023,
7/6/2023,
7/7/2023,
7/8/2023,
7/9/2023,
7/10/2023,
7/11/2023,
7/12/2023,
7/13/2023,
7/14/2023,
7/15/2023,
7/16/2023,
7/17/2023,
7/18/2023,
7/19/2023,
7/20/2023,
7/21/2023,
7/22/2023,
7/23/2023,
7/24/2023,
7/25/2023,
7/26/2023,
7/27/2023,
7/28/2023,
7/29/2023,
7/30/2023,
7/31/2023,
8/1/2023,
8/2/2023,
8/3/2023,
8/4/2023,
8/5/2023,
8/6/2023,
8/7/2023,
8/8/2023,
8/9/2023,
8/10/2023,
8/11/2023,
8/12/2023,
8/13/2023,
8/14/2023,
8/15/2023,
8/16/2023,
8/17/2023,
8/18/2023,
8/19/2023,
8/20/2023,
8/21/2023,
8/22/2023,
8/23/2023,
8/24/2023,
8/25/2023,
8/26/2023,
8/27/2023,
8/28/2023,
8/29/2023,
8/30/2023,
8/31/2023,
9/1/2023,
9/2/2023,
9/3/2023,
9/4/2023,
9/5/2023,
9/6/2023,
9/7/2023,
9/8/2023,
9/9/2023,
9/10/2023,
9/11/2023,
9/12/2023,
9/13/2023,
9/14/2023,
9/15/2023,
9/16/2023,
9/17/2023,
9/18/2023,
9/19/2023,
9/20/2023,
9/21/2023,
9/22/2023,
9/23/2023,
9/24/2023,
9/25/2023,
9/26/2023,
9/27/2023,
9/28/2023,
9/29/2023,
9/30/2023,
10/1/2023,
10/2/2023,
10/3/2023,
10/4/2023,
10/5/2023,
10/6/2023,
10/7/2023,
10/8/2023,
10/9/2023,
10/10/2023,
10/11/2023,
10/12/2023,
10/13/2023,
10/14/2023,
10/15/2023,
10/16/2023,
10/17/2023,
10/18/2023,
10/19/2023,
10/20/2023,
10/21/2023,
10/22/2023,
10/23/2023,
10/24/2023,
10/25/2023,
10/26/2023,
10/27/2023,
10/28/2023,
10/29/2023,
10/30/2023,
10/31/2023,
11/1/2023,
11/2/2023,
11/3/2023,
11/4/2023,
11/5/2023,
11/6/2023,
11/7/2023,
11/8/2023,
11/9/2023,
11/10/2023,
11/11/2023,
11/12/2023,
11/13/2023,
11/14/2023,
11/15/2023,
11/16/2023,
11/17/2023,
11/18/2023,
11/19/2023,
11/20/2023,
11/21/2023,
11/22/2023,
11/23/2023,
11/24/2023,
11/25/2023,
11/26/2023,
11/27/2023,
11/28/2023,
11/29/2023,
11/30/2023,
12/1/2023,
12/2/2023,
12/3/2023,
12/4/2023,
12/5/2023,
12/6/2023,
12/7/2023,
12/8/2023,
12/9/2023,
12/10/2023,
12/11/2023,
12/12/2023,
12/13/2023,
12/14/2023,
12/15/2023,
12/16/2023,
12/17/2023,
12/18/2023,
12/19/2023,
12/20/2023,
12/21/2023,
12/22/2023,
12/23/2023,
12/24/2023,
12/25/2023,
12/26/2023,
12/27/2023,
12/28/2023,
12/29/2023,
12/30/2023,
12/31/2023,
